<?xml version="1.0" encoding="utf-8"?>
<!DOCTYPE mapper PUBLIC "-//mybatis.org//DTD Mapper 3.0//EN"
        "http://mybatis.org/dtd/mybatis-3-mapper.dtd">
<mapper namespace="com.ex.myBatisBoard.mapper.BoardMapper">
    <select id="findAll" resultType="boardDto">
        SELECT id, boardTitle, boardWriter, boardHits, TO_CHAR(createdAt, 'yyyy-mm-dd') AS createdAt
        ,boardContents
        FROM board_table ORDER BY id DESC
    </select>

    <select id="findById" resultType="boardDto">
        SELECT id, boardTitle, boardWriter, boardHits, TO_CHAR(createdAt, 'yyyy-mm-dd') AS createdAt
        ,boardContents, boardPass, fileAttached
        FROM board_table WHERE id = #{id}
    </select>

    <delete id="deleteById" parameterType="boardDto">
        DELETE FROM board_table
        WHERE id = #{id};
    </delete>

    <insert id="insertBoard" parameterType="boardDto" useGeneratedKeys="true" keyProperty="id">
        INSERT INTO  board_table (boardTitle, boardWriter, boardPass, boardContents,fileAttached)
        values(#{dto.boardTitle}, #{dto.boardWriter} , #{dto.boardPass}, #{dto.boardContents}, #{dto.fileAttached})
    </insert>


    <update id="updateById" parameterType="map">
        UPDATE board_table
        SET boardTitle = #{dto.boardTitle}, boardContents=#{dto.boardContents}
        WHERE id = #{id}
    </update>

    <update id="plusHitById" parameterType="Long">
        UPDATE board_table
        SET boardHits = boardHits+1
        WHERE id = #{id}
    </update>

    <select id="findByTitle" resultType="boardDto">
        SELECT id, boardTitle, boardWriter, boardHits, TO_CHAR(createdAt, 'yyyy-mm-dd') AS createdAt
        ,boardContents
        FROM board_table WHERE boardTitle Like CONCAT('%', #{keyword}, '%')
        ORDER By id DESC;
    </select>

    <select id="findByName" resultType="boardDto">
        SELECT id, boardTitle, boardWriter, boardHits, TO_CHAR(createdAt, 'yyyy-mm-dd') AS createdAt
        ,boardContents
        FROM board_table WHERE boardWriter Like CONCAT('%', #{keyword}, '%')
        ORDER By id DESC;
    </select>

<!--    select 리스트 코드-->
    <select id="searchList" parameterType="string" resultType="boardDto">
        SELECT * FROM board_table
        <choose>
                <when test="'title'.equals(category)">
                    WHERE boardTitle LIKE CONCAT('%', #{keyword}, '%')
                </when>
                <when test="'name'.equals(category)">
                    WHERE boardWriter LIKE CONCAT('%', #{keyword}, '%')
                </when>
                <otherwise>
                    WHERE 1=1
                </otherwise>
        </choose>
        ORDER By id DESC;
    </select>

    <insert id="saveFile" parameterType="boardFileDto">
        INSERT INTO board_file_table(originalfilename, storedfilename, boardid)
        VALUES (#{boardFileDto.originalFileName} , #{boardFileDto.storedFileName}, #{boardFileDto.boardId})
    </insert>

    <select id="findFile" parameterType="Long" resultType="boardFileDto">
        SELECT * FROM board_file_table WHERE boardid = #{id}
    </select>

</mapper>